{"cameraMode":{"drawMode":0,"name":"Shaded","section":"Shading Mode"},"sceneLighting":true,"audioPlay":false,"sceneViewState":{"showFog":true,"showMaterialUpdate":false,"showSkybox":true,"showFlares":true,"showImageEffects":true,"showParticleSystems":true},"in2DMode":false,"pivot":{"x":-2.394585132598877,"y":1.0664539337158204,"z":-1.4294090270996094},"rotation":{"x":0.024723531678318979,"y":0.9743946194648743,"z":-0.13563524186611176,"w":0.1776147484779358},"size":12.658228874206543,"orthographic":false}